mae,rmse,mape,model,horizon_days,train_rows,test_rows
19.325565384512277,35.80194914142961,11.033827294639332,baseline_v2_ridge,30,12480,3840
28.271437197928858,47.483735777488484,18.345009862617367,baseline_v2_ridge,60,10560,4800
40.72515786294934,70.0969194189837,30.395056770992262,baseline_v2_ridge,90,8640,5760
