mae,rmse,mape,model,horizon_days,train_rows_per_user,test_rows
17.36596611357448,31.25553025144768,9.78051053751122,prophet_per_user,30,450,960
28.774514781300834,53.926630575281266,15.196695357088727,prophet_per_user,60,450,1920
38.58996907708992,76.22244508560249,19.07240298989132,prophet_per_user,90,450,2880
