mae,rmse,mape,model,horizon_days,train_rows,test_rows
19.631027351120313,42.30323596500319,9.50685271624133,xgboost_direct,30,12480,3840
24.816613151789344,51.315224657119145,12.18561976602029,xgboost_direct,60,10560,4800
25.264797971739238,47.897894987464426,14.111718880362217,xgboost_direct,90,8640,5760
